{
    "avg_return": 23.314285714285713,
    "avg_portfolio": 12331.42857142857,
    "avg_trades": 40.57142857142857,
    "num_windows": 14,
    "timestamp": "20250317_214506"
}