{
    "avg_return": 3.0642857142857167,
    "avg_portfolio": 10306.42857142857,
    "avg_trades": 37.357142857142854,
    "num_windows": 14,
    "timestamp": "20250317_214144"
}