{
    "avg_return": -10.603571428571428,
    "avg_portfolio": 8939.642857142857,
    "avg_trades": 28.714285714285715,
    "num_windows": 14,
    "timestamp": "20250317_210816"
}