{
    "avg_return": -3.445833333333334,
    "avg_portfolio": 9655.416666666666,
    "avg_trades": 66.41666666666667,
    "num_windows": 12,
    "timestamp": "20250317_202704"
}